da_20180822223702738,"{'축제': 1, '참여': 1, '에스': 4, '국왕': 1, '음스': 1, '3세': 1, '가운데': 1, '연합': 1, '연합뉴스': 1, '뉴스': 1, '서울': 1, '서울경제': 1, '경제': 1, '아프리카': 3, '마지막': 2, '대만': 7, '수교': 2, '수교국인': 1, '국인': 1, '스와질란드': 1, '국교': 3, '유지': 2, '22일': 1, '현지': 1, '현지시간': 1, '시간': 1, '자금력': 1, '중국': 7, '진출': 1, '국가': 1, '메체': 1, '외교부': 2, '외교부장관': 1, '장관': 1, '이날': 1, '로이터': 1, '로이터통신': 1, '통신': 2, '인터뷰': 1, '우리': 1, '50년': 1, '대만과의': 1, '과의': 1, '관계': 1, '심리전': 1, '하면': 1, '인용': 1, '다음': 1, '베이징': 1, '정상': 1, '정상회담': 1, '회담': 1, '전후': 1, '단교': 1, '개설': 1, '보도': 1, '2016년': 1, '하나': 1, '원칙': 1, '인정': 1, '독립성': 1, '독립성향': 1, '차이': 1, '총통': 1, '취임': 1, '국제적': 1, '위상': 1, '약화': 1, '수교국': 1, '외교': 1, '압박': 1}"
da_20180822223656737,"{'도널드': 1, '트럼프': 3, '미국': 2, '대통령': 3, '아베': 3, '일본': 1, '22일': 1, '현지': 1, '현지시간': 1, '시간': 1, '통화': 3, '교도': 2, '교도통신': 2, '통신': 3, '정상': 2, '북한': 3, '미사일': 1, '문제': 3, '의견': 1, '교환': 1, '마이크': 1, '폼페이': 1, '국무': 1, '국무장관': 1, '장관': 1, '방북': 1, '향후': 1, '대응': 1, '방안': 1, '조율': 1, '목적': 1, '총리': 3, '이날': 2, '해결': 2, '한미': 1, '한미일': 1, '3국': 1, '중요': 1, '강조': 1, '일본인': 1, '납치': 1, '지원': 1, '당부': 1, '휴가': 1, '휴가지인': 1, '지인': 1, '야마': 1, '시현': 1, '나루': 1, '나루사': 1, '관저': 1, '복귀': 1}"
da_20180822223643735,"{'시엠': 1, '시엠레압': 1, '레압': 1, '신화': 1, '뉴시스': 2, '시스': 2, '캄보디아': 11, '앙코르': 1, '고고학': 1, '공원': 1, '14일': 1, '음력': 1, '신년': 1, '배우': 1, '고대': 1, '마술': 1, '재연': 1, '프놈펜': 1, '김재영': 1, '재영': 1, '기자': 1, '미국': 8, '이민': 1, '시민권': 2, '획득': 2, '기준': 1, '중죄': 1, '30명': 2, '당국': 1, '추방': 6, '조치': 1, '22일': 1, '수도': 1, '공항': 1, '도착': 2, '2002년': 1, '양자': 1, '합의': 3, '그간': 1, '500여': 1, '명이': 1, '이날': 1, '양국': 1, '프로그램': 2, '논란': 1, '가족': 1, '사람': 1, '상당수': 1, '1970년대': 1, '년대': 1, '잔학': 1, '공산': 1, '크메르': 1, '루즈': 1, '정권': 2, '피해': 1, '태국': 1, '주해': 1, '난민촌': 2, '캄보디아인': 1, '망명': 1, '정착': 1, '아이': 1, '부모': 1, '자력': 1, '한번': 1, '신분': 1, '중국': 1, '지난해': 1, '일시': 1, '보류': 1, '올해': 1, '재개': 1}"
da_20180822223413713,"{'22일': 1, '새벽': 1, '2시': 1, '31분쯤': 1, '현지': 1, '시각': 1, '미국': 3, '오리': 2, '오리건': 2, '앞바다': 1, '규모': 1, '지진': 5, '발생': 1, '지질': 2, '지질조사국': 2, '조사국': 2, '진앙': 2, '밴던': 1, '남서': 1, '265㎞': 1, '스베이': 2, '베이': 3, '서쪽': 1, '275㎞': 1, '해저': 1, '진원': 1, '깊이': 1, '10㎞로': 1, '관측': 1, '통신': 1, '이날': 1, '350㎞': 1, '이상': 1, '포틀랜드': 1, '감지': 1, '이번': 1, '쓰나미': 1, '지진해일': 1, '위험': 1, '쿠스': 1, '쿠스베이': 1, '경찰': 1, '부상자': 1, '피해': 1}"
da_20180822223239698,"{'도쿄': 1, '연합': 2, '연합뉴스': 2, '뉴스': 2, '최이락': 1, '이락': 1, '특파원': 1, '도널드': 1, '트럼프': 4, '미국': 2, '대통령': 3, '아베': 4, '신조': 1, '일본': 1, '22일': 1, '통화': 3, '교도': 1, '교도통신': 1, '통신': 3, '사람': 1, '북한': 3, '미사일': 1, '문제': 3, '의견': 1, '교환': 1, '마이크': 1, '폼페이': 1, '국무': 1, '국무장관': 1, '장관': 1, '방북': 1, '정상': 1, '향후': 1, '대응': 1, '방안': 1, '조율': 1, '목적': 1, '총리': 3, '이날': 2, '해결': 2, '한미': 1, '한미일': 1, '3국': 1, '중요': 1, '강조': 1, '일본인': 1, '납치': 1, '지원': 1, '당부': 1, '휴가': 1, '휴가지인': 1, '지인': 1, '야마': 1, '나루': 1, '나루사': 1, '에서': 1, '관저': 1, '복귀': 1, '왼쪽': 1, '자료': 1, '자료사진': 1, '사진': 1}"
da_20180822222952675,"{'북한': 15, '팔렘방': 7, '연합': 2, '연합뉴스': 2, '뉴스': 2, '김주형': 1, '주형': 1, '기자': 2, '22일': 3, '오후': 2, '현지': 1, '현지시간': 1, '시간': 3, '인도네시아': 2, '스리': 3, '스리위자야': 3, '자야': 3, '경기장': 1, '자카르타': 2, '아시안': 3, '아시안게임': 3, '게임': 3, '여자': 5, '여자축구': 5, '축구': 6, '중국': 10, '경기': 4, '김윤미가': 1, '미가': 1, '공격': 1, '김동찬': 1, '8강': 4, '일본': 7, '국제': 1, '국제축구연맹': 1, '연맹': 1, '랭킹': 3, '10위': 1, '카바': 1, '카바링': 1, '스포츠': 1, '스포츠시티': 1, '시티': 1, '스타디움': 2, '리그': 1, '3차전': 2, '17위': 1, '2승': 2, '1패가': 1, '패가': 1, '2위': 1, '진출': 3, '1위': 1, '6위': 1, '4강': 2, '이번': 2, '대회': 3, '출전': 2, '국가': 1, '가운데': 1, '나라': 1, '이날': 1, '객관적': 1, '전력': 1, '예상': 1, '전반': 1, '8분': 1, '왕솽': 2, '후반': 2, '5분': 1, '왕산': 2, '왕산산': 1, '3승': 2, '추가': 1, '수비수': 1, '자오룽': 1, '경고': 1, '누적': 1, '퇴장': 2, '자슈취안': 1, '취안': 1, '감독': 2, '기심': 1, '항의': 1, '승리': 1, '데는': 1, '한국': 6, '15위': 1, '홍콩': 3, '76위': 1, '베트남': 2, '37위': 1, '대만': 2, '42위': 1, '태국': 2, '28위': 1, '압축': 1, '상위': 1, '3개국': 1, '개국': 1, '대진표': 1, '한쪽': 1, '불균형': 1, '발생': 1, '북한전': 1, '승자': 1, '윤덕': 1, '대표팀': 1, '관전': 1, '2002년': 1, '부산': 1, '금메달': 1, '2014년': 1, '2010년': 1, '양분': 1, '상대적': 1, '경쟁': 1, '결승': 2, '길이': 1, '준결승': 2, '한국시간': 1, '24일': 1, '6시': 1, '이후': 1, '28일': 1, '4위전': 1, '위전': 1, '31일': 1, '예정': 1, '전적': 1, '1패': 1, '득점': 1, '전8분': 1, '후5분': 1, '이상': 1}"
da_20180822222918670,"{'도쿄': 1, '연합': 2, '연합뉴스': 2, '뉴스': 2, '최이락': 1, '이락': 1, '특파원': 1, '미국': 4, '방산업체': 1, '록히드': 4, '록히드마': 4, '일본': 9, '2030년': 1, '도입': 1, '예정': 1, '차세대': 4, '전투기': 5, '개발': 4, '생산': 2, '이상': 1, '방안': 1, '제안': 1, '이자이': 1, '이자이신문': 1, '신문': 2, '22일': 1, '검토': 1, '스텔스': 1, '혼합형': 1, '정부': 2, '수출': 1, '금지': 2, '전략': 1, '전략무기': 1, '무기': 1, '허가': 1, '공동': 2, '엔진': 1, '포함': 2, '방침': 1, '대외': 1, '유출': 1, '관련': 1, '기술': 1, '기업': 1, '연구': 1, '미일': 1, '동맹': 1, '강화': 2, '국내': 1, '방위': 1, '방위산업': 1, '산업': 1, '기반': 1, '도움': 1, '당근': 1, '제시': 1, '방위성': 1, '위성': 1, '내용': 1, '타진': 1, '사업': 1, '예산': 1, '장비': 1, '구입': 1, '정비': 1, '6조엔': 1, '61조원': 1, '자료': 1, '자료사진': 1, '사진': 1}"
da_20180822222741642,"{'축제': 1, '참여': 1, '에스': 4, '국왕': 1, '음스': 1, '3세': 1, '가운데': 2, '연합': 2, '연합뉴스': 2, '뉴스': 2, '자료': 1, '자료사진': 1, '사진': 1, '테헤란': 1, '강훈상': 1, '훈상': 1, '특파원': 1, '미국': 2, '중국': 7, '통상': 1, '경쟁': 1, '영향': 1, '대만': 8, '아프리카': 2, '왕국': 2, '스와질란드': 1, '22일': 1, '현지': 1, '현지시간': 1, '시간': 1, '국교': 3, '유지': 2, '로이터': 2, '로이터통신': 2, '통신': 2, '보도': 1, '자금력': 1, '진출': 1, '마지막': 1, '국가': 1, '메드': 1, '외무': 1, '외무장관': 1, '장관': 1, '관계': 1, '변화': 1, '추진': 1, '관심': 1, '50년': 1, '때문': 1, '심리전': 1, '외교': 1, '소식통': 1, '인용': 1, '단교': 3, '수교': 2, '하나': 1, '원칙': 1, '인정': 1, '독립성': 1, '독립성향': 1, '차이': 1, '총통': 1, '취임': 1, '2년': 1, '상투메': 1, '프린': 1, '프린시페': 1, '파나마': 1, '도미니카': 1, '공화국': 1, '부르키나파': 1, '키나': 1, '엘살바도르': 1, '5개국': 1, '개국': 2, '21일': 1, '나라': 1, '17개국': 1}"
da_20180822222707640,"{'자카르타': 3, '인도네시아': 2, '뉴시스': 1, '시스': 1, '추상': 1, '기자': 1, '22일': 1, '현지': 1, '현지시각': 1, '시각': 1, '오후': 1, '컨벤션': 1, '컨벤션센터': 1, '센터': 1, '팔렘방': 1, '아시안': 1, '아시안게임': 1, '게임': 1, '펜싱': 2, '사브르': 1, '여자': 2, '여자단체전': 1, '단체전': 1, '시상식': 1, '금메달': 1, '펜싱대표팀': 1, '대표팀': 1, '시상대': 1, '모니': 1}"
da_20180822222700634,"{'일본도': 1, '19호': 2, '태풍': 4, '솔릭': 3, '20호': 2, '시마': 6, '접근': 2, '비상': 1, '일본': 6, '기상청': 3, '태평양': 2, '북상': 1, '내일': 3, '오후': 3, '서남부': 3, '시코쿠': 2, '부근': 3, '상륙': 1, '전망': 2, '오늘': 3, '규슈': 2, '서쪽': 3, '해상': 1, '통과': 2, '한국': 1, '영향': 1, '지역': 4, '강수량': 2, '1천㎜': 1, '지난달': 1, '폭우': 1, '인명': 1, '재산': 1, '발생': 2, '중심': 5, '토사': 1, '붕괴': 1, '등에': 1, '경계': 1, '주의': 1, '당부': 1, '서해': 1, '북부': 1, '이날': 1, '비가': 1, '오전': 1, '6시': 1, '24시간': 1, '시간': 1, '도카이': 1, '최고': 2, '300㎜': 1, '250㎜': 1, '예상': 1, '6기': 1, '기준': 1, '남쪽': 1, '상의': 1, '410㎞': 1, '시속': 1, '30㎞': 1, '속도': 1, '북서': 1, '기압': 1, '헥토파스칼': 1, '최대': 2, '최대풍속': 1, '풍속': 3, '초속': 1, '순간': 1, '순간풍속': 1, '동쪽': 1, '170㎞': 1, '110㎞': 1, '이내': 1, '이상': 1, '폭풍': 1, '불고': 1, '간사이': 1, '주부': 1, '다카마쓰': 1, '마쓰': 1, '공항': 1, '운항': 2, '예정': 1, '항공편': 1, '중단': 1}"
da_20180822222655633,"{'자카르타': 3, '연합': 1, '연합뉴스': 1, '뉴스': 1, '홍기': 1, '기자': 1, '22일': 1, '오후': 1, '현지': 1, '현지시간': 1, '시간': 1, '인도네시아': 1, '인터': 1, '인터내서': 1, '내서': 1, '엑스포': 1, '자카르타ㆍ팔렘방': 1, '팔렘방': 1, '아시안': 1, '아시안게임': 1, '게임': 1, '남자': 1, '역도': 1, '경기': 1, '인상': 1, '1차': 1, '시기': 1, '북한': 1, '오강': 1, '오강철': 1, '바벨': 1}"
da_20180822222600622,"{'자카르타': 3, '인도네시아': 2, '뉴시스': 1, '시스': 1, '추상': 1, '기자': 1, '22일': 1, '현지': 1, '현지시각': 1, '시각': 1, '오후': 1, '컨벤션': 1, '컨벤션센터': 1, '센터': 1, '팔렘방': 1, '아시안': 1, '아시안게임': 1, '게임': 1, '펜싱': 2, '사브르': 1, '여자': 2, '여자단체전': 1, '단체전': 1, '시상식': 1, '금메달': 1, '펜싱대표팀': 1, '대표팀': 1, '시상대': 1}"
da_20180822222357596,"{'팔렘방': 3, '연합': 1, '연합뉴스': 1, '뉴스': 1, '김주형': 1, '주형': 1, '기자': 1, '22일': 1, '오후': 1, '현지': 1, '현지시간': 1, '시간': 1, '인도네시아': 1, '스리': 1, '스리위자야': 1, '자야': 1, '경기장': 1, '자카르타': 1, '아시안': 1, '아시안게임': 1, '게임': 1, '여자': 1, '여자축구': 1, '축구': 1, '북한': 1, '중국': 1, '경기': 1, '양팀': 1, '선수': 1}"
da_20180822222355595,"{'팔렘방': 3, '연합': 1, '연합뉴스': 1, '뉴스': 1, '김주형': 1, '주형': 1, '기자': 1, '22일': 1, '오후': 1, '현지': 1, '현지시간': 1, '시간': 1, '인도네시아': 1, '스리': 1, '스리위자야': 1, '자야': 1, '경기장': 1, '자카르타': 1, '아시안': 1, '아시안게임': 1, '게임': 1, '여자': 1, '여자축구': 1, '축구': 1, '북한': 2, '중국': 1, '경기': 1, '리혜연': 1, '공중볼': 1, '다툼': 1}"
da_20180822222302580,"{'모스크바': 1, '연합': 2, '연합뉴스': 2, '뉴스': 2, '유철': 1, '유철종': 1, '특파원': 1, '시리아': 10, '대다수': 1, '지역': 6, '러시아': 2, '지원': 2, '등에': 1, '정부군': 3, '장악': 5, '가운데': 1, '반군': 9, '마지막': 2, '거점': 2, '북서부': 1, '립주': 2, '최대': 1, '조직': 5, '수장': 2, '22일': 1, '현지': 1, '현지시간': 1, '시간': 1, '정부': 3, '항복': 3, '협상': 6, '경고': 2, '통신': 1, '이들립': 7, '하이': 1, '하이아트': 1, '아트': 1, '리르': 1, '아부': 1, '모하': 1, '모하메드': 1, '알졸라니': 4, '라니': 4, '이날': 1, '바샤': 1, '바샤르': 1, '사드': 2, '대통령': 2, '터키': 4, '접경': 1, '통제권': 1, '회복': 1, '목표': 2, '메시지': 1, '알카에다': 1, '시리아지부': 1, '지부': 1, '자바': 1, '뿌리': 1, '급진': 1, '제외': 1, '나머지': 1, '대부분': 3, '통제': 1, '텔레그램': 1, '그램': 1, '계정': 1, '비디오': 1, '영상': 1, '혁명': 1, '지하드': 1, '성전': 1, '무기': 3, '용납': 1, '레드': 1, '레드라인': 1, '라인': 1, '그것': 2, '절대': 1, '테이블': 1, '우리': 2, '생각': 2, '자체': 1, '자체만도': 1, '만도': 1, '반역': 1, '지적': 1, '올해': 1, '군사': 2, '군사공격': 1, '공격': 1, '전술': 2, '동시': 1, '구사': 1, '수도': 1, '다마스쿠스': 1, '인근': 1, '남서부': 2, '탈환': 1, '지난달': 1, '언론': 1, '인터뷰': 1, '다음': 1, '작전': 1, '이달': 1, '중순': 1, '포격': 1, '투항': 1, '권유': 1, '전단': 1, '살포': 1, '본격적': 1, '공세': 1, '예고': 1, '북부': 3, '사람': 1, '남부': 2, '발생': 1, '허용': 1, '정권': 2, '동맹국': 1, '다라': 1, '다라주': 1, '트라주': 1, '화해': 1, '시도': 1, '적의': 1, '계획': 3, '무엇': 1, '주동자': 1, '체포': 2, '무산': 1, '주장': 1, '최근': 1, '동안': 1, '공모': 1, '하려': 1, '혐의': 1, '터키군': 1, '안전': 1, '지대': 1, '휴전': 1, '감시': 1, '임무': 1, '수행': 1, '관련': 1, '상대': 1, '감시소': 1, '의지': 1, '정치적': 1, '입장': 1, '순식간': 1, '전역': 1, '유일': 1, '지난해': 1, '공습': 1, '시장': 1}"
da_20180822221805513,"{'자카르타': 3, '인도네시아': 2, '뉴시스': 1, '시스': 1, '추상': 1, '기자': 1, '22일': 1, '현지': 1, '현지시각': 1, '시각': 1, '오후': 1, '컨벤션': 1, '컨벤션센터': 1, '센터': 1, '팔렘방': 1, '아시안': 1, '아시안게임': 1, '게임': 1, '펜싱': 2, '사브르': 1, '여자': 2, '여자단체전': 1, '단체전': 1, '시상식': 1, '금메달': 1, '펜싱대표팀': 1, '대표팀': 1, '메달': 1}"
da_20180822221354451,"{'서귀포': 2, '뉴시스': 2, '시스': 2, '우장': 1, '우장호': 1, '기자': 2, '문정인': 3, '정인': 3, '대통령': 3, '통일': 2, '통일외교안보': 1, '외교': 2, '안보': 2, '27일': 1, '제주': 3, '서귀포시': 1, '제주국제컨벤션센터': 1, '국제': 1, '컨벤션': 1, '센터': 1, '13회': 1, '평화': 2, '번영': 1, '제주포럼': 1, '포럼': 1, '정상': 1, '정상회담': 1, '회담': 2, '이후': 1, '한반도': 1, '비핵화': 2, '세션': 1, '참석': 1, '발언': 1, '서울': 2, '현미': 1, '통일외교안보특보': 1, '특보': 3, '북한': 3, '미국': 4, '협상': 1, '교착': 1, '교착상태': 1, '상태': 1, '한국': 5, '양측': 3, '군축': 1, '방향': 1, '계속': 1, '노력': 2, '재촉': 1, '목표': 1, '22일': 1, '현지': 1, '현지시간': 1, '시간': 1, '월스트리트': 1, '월스트리트저널': 1, '저널': 1, '인터뷰': 1, '제재': 1, '완화': 2, '핵무기': 1, '사찰': 1, '선포': 1, '맹세': 1, '전면적': 1, '면적': 1, '요구': 1, '신뢰': 1, '상호': 1, '양보': 1, '장려': 1, '과정': 1, '북미': 2, '관리': 1, '주선': 1, '제안': 1, '설명': 2, '이날': 1, '전문가': 3, '평가': 1, '역할': 1, '집중': 1, '조명': 1, '소재': 1, '전직': 1, '고위': 1, '외교관': 1, '영어': 1, '하면서': 1, '사람': 1, '상대적': 1, '노틸러스': 1, '틸러': 1, '안전': 1, '지속': 1, '지속가능성연구소': 1, '가능성': 1, '연구소': 1, '피터': 1, '헤이': 1, '헤이스': 1, '소장': 1, '문제': 1, '나라': 1, '다양': 1, '정치적': 1, '스펙트럼': 1, '친구': 1, '동료': 1, '재인': 1, '정부': 1, '그것': 1, '동북아': 1, '2000년대': 1, '년대': 1, '인연': 1, '맺어': 1, '스나이': 1, '나이': 1, '대학': 1, '교수': 1, '진보적': 1, '의제': 1, '미국인': 1, '구미': 1, '방식': 1, '세일즈': 1, '방법': 1, '최고': 1, '네트워커': 1, '극찬': 1, '정책': 1, '입안자': 1, '이상': 1, '거물': 1}"
da_20180822221258437,"{'팔렘방': 2, '연합': 1, '연합뉴스': 1, '뉴스': 1, '기자': 1, '22일': 1, '현지': 1, '현지시간': 1, '시간': 1, '인도네시아': 1, '카바': 1, '카바링': 1, '스포츠': 1, '시티': 1, '세팍타크로': 1, '경기장': 1, '시상식': 1, '동반': 1, '동반우승': 1, '우승': 1, '차지': 1, '태국': 1, '선수': 1, '기념': 1, '기념촬영': 1, '촬영': 1}"
da_20180822221240432,"{'팔렘방': 2, '연합': 1, '연합뉴스': 1, '뉴스': 1, '기자': 1, '22일': 1, '현지': 1, '현지시간': 1, '시간': 1, '인도네시아': 1, '카바': 1, '카바링': 1, '스포츠': 1, '시티': 1, '세팍타크로': 1, '경기장': 1, '여자': 1, '시상식': 1, '왼쪽': 1, '유승희': 1, '승희': 1, '박선주': 1, '선주': 1, '김지은': 1, '지은': 1, '배한울': 1, '한울': 1, '정주': 1, '정주승': 1, '이민': 1, '전규미': 1, '김지영': 1, '지영': 1, '메달': 1, '포즈': 1}"
da_20180822221235430,"{'팔렘방': 2, '연합': 1, '연합뉴스': 1, '뉴스': 1, '기자': 1, '22일': 1, '현지': 1, '현지시간': 1, '시간': 1, '인도네시아': 1, '카바': 1, '카바링': 1, '스포츠': 1, '시티': 1, '세팍타크로': 1, '경기장': 1, '여자': 1, '시상식': 1, '선수': 1, '메달': 1, '기념': 1, '기념촬영': 1, '촬영': 1}"
da_20180822221233428,"{'팔렘방': 2, '연합': 1, '연합뉴스': 1, '뉴스': 1, '기자': 1, '22일': 1, '현지': 1, '현지시간': 1, '시간': 1, '인도네시아': 1, '카바': 1, '카바링': 1, '스포츠': 1, '시티': 1, '세팍타크로': 1, '경기장': 1, '여자': 1, '시상식': 1, '왼쪽': 1, '유승희': 1, '승희': 1, '박선주': 1, '선주': 1, '김지은이': 1, '지은이': 1, '메달': 1, '포즈': 1}"
da_20180822221221427,"{'팔렘방': 2, '연합': 1, '연합뉴스': 1, '뉴스': 1, '기자': 1, '22일': 1, '현지': 1, '현지시간': 1, '시간': 1, '인도네시아': 1, '카바': 1, '카바링': 1, '스포츠': 1, '시티': 1, '세팍타크로': 1, '경기장': 1, '여자': 1, '시상식': 1, '전규미': 1, '왼쪽': 1, '김지영': 1, '지영': 1, '메달': 1, '포즈': 1}"
da_20180822221219426,"{'팔렘방': 2, '연합': 1, '연합뉴스': 1, '뉴스': 1, '기자': 1, '22일': 1, '현지': 1, '현지시간': 1, '시간': 1, '인도네시아': 1, '카바': 1, '카바링': 1, '스포츠': 1, '시티': 1, '세팍타크로': 1, '경기장': 1, '여자': 1, '시상식': 1, '왼쪽': 1, '배한울': 1, '한울': 1, '정주': 1, '정주승': 1, '이민': 1, '메달': 1, '포즈': 1}"
da_20180822221212423,"{'팔렘방': 2, '연합': 1, '연합뉴스': 1, '뉴스': 1, '기자': 1, '22일': 1, '현지': 1, '현지시간': 1, '시간': 1, '인도네시아': 1, '카바': 1, '카바링': 1, '스포츠': 1, '시티': 1, '세팍타크로': 1, '경기장': 1, '여자': 1, '시상식': 1, '박선주': 1, '선주': 1, '왼쪽': 1, '김지은': 1, '지은': 1, '김이슬': 1, '이슬': 1, '메달': 1, '포즈': 1}"
da_20180822221210421,"{'팔렘방': 2, '연합': 1, '연합뉴스': 1, '뉴스': 1, '기자': 1, '22일': 1, '현지': 1, '현지시간': 1, '시간': 1, '인도네시아': 1, '카바': 1, '카바링': 1, '스포츠': 1, '시티': 1, '세팍타크로': 1, '경기장': 1, '여자': 1, '시상식': 1, '왼쪽': 1, '유승희': 1, '승희': 1, '박선주': 1, '선주': 1, '김지은': 1, '지은': 1, '김이슬': 1, '이슬': 1, '메달': 1, '포즈': 1}"
da_20180822221207420,"{'자카르타': 3, '연합': 1, '연합뉴스': 1, '뉴스': 1, '박동': 1, '기자': 1, '22일': 1, '오후': 1, '현지': 1, '현지시간': 1, '시간': 1, '컨벤션': 1, '컨벤션센터': 1, '센터': 1, '어셈블리': 1, '어셈블리홀': 1, '팔렘방': 1, '아시안': 1, '아시안게임': 1, '게임': 1, '레슬링': 1, '남자': 1, '그레코로만형': 1, '동메달': 1, '시상대': 1, '메달': 1}"
da_20180822221206419,"{'팔렘방': 2, '연합': 1, '연합뉴스': 1, '뉴스': 1, '기자': 1, '22일': 1, '현지': 1, '현지시간': 1, '시간': 1, '인도네시아': 1, '카바': 1, '카바링': 1, '스포츠': 1, '시티': 1, '세팍타크로': 1, '경기장': 1, '여자': 1, '시상식': 1, '결승전': 1, '부상': 1, '유승희': 1, '승희': 1, '가운데': 1, '왼쪽': 1, '지나의': 1, '나의': 1, '도움': 1, '시상대': 1}"
da_20180822220746343,"{'앵커': 2, '사실': 1, '1부': 1, '처음': 1, '제주': 3, '박상': 1, '기자': 2, '연결': 4, '상황': 3, '그때': 1, '2부': 1, '말씀': 1, '지금': 1, '현지': 1, '통신': 1, '정도': 2, '제가': 1, '전화': 1, '아까': 1, '비바람': 1, '태풍': 7, '솔릭': 7, '상태': 1, '오늘': 2, '22일': 1, '오후': 3, '사이': 2, '일본': 6, '남쪽': 1, '규슈': 4, '해상': 2, '상륙': 1, '최대': 5, '풍속': 2, '초속': 2, '2만': 2, '가구': 2, '이상': 3, '전기': 2, '공급': 2, '수천': 1, '세대': 2, '피난': 1, '부상': 1, '20호': 2, '시마': 6, '시마론도': 1, '론도': 1, '지역': 4, '관통': 1, '호우': 3, '예보': 1, '윤설영': 2, '설영': 2, '특파원': 2, '취재': 1, '취재중': 1, '키현과': 1, '현과': 1, '오키나': 1, '키나': 1, '통과': 1, '중심': 2, '중심기압': 2, '기압': 2, '시속': 2, '중형': 1, '중형급': 1, '유지': 1, '기상청': 2, '바람': 1, '근접': 1, '아마미': 1, '아마미섬일대': 1, '일대': 2, '강풍': 3, '8500세대': 1, '1000여': 1, '전기공급': 1, '중단': 1, '최남단': 1, '라자': 1, '라자키': 1, '해안': 1, '320여': 1, '파도': 1, '이곳': 1, '관광지': 1, '유명': 1, '영향': 2, '관광객': 1, '모습': 2, '내일': 2, '비가': 1, '예상': 1, '긴장': 1, '규모': 1, '접근': 1, '저녁': 1, '일본지역': 1, '도달': 1, '지난달': 1, '지난달초': 1, '집중': 1, '집중호우': 1, '220명': 1, '300여': 1, '얘기': 1, '영상': 1, '영상디자인': 1, '디자인': 1, '최석': 1}"
da_20180822220737340,"{'팔렘방': 2, '연합': 1, '연합뉴스': 1, '뉴스': 1, '기자': 1, '22일': 1, '현지': 1, '현지시간': 1, '시간': 1, '인도네시아': 1, '카바': 1, '카바링': 1, '스포츠': 1, '시티': 1, '세팍타크로': 1, '경기장': 1, '여자': 1, '시상식': 1, '결승전': 1, '부상': 1, '유승희': 1, '승희': 1, '선수': 1, '시상대': 1}"
da_20180822220732338,"{'팔렘방': 2, '연합': 1, '연합뉴스': 1, '뉴스': 1, '기자': 1, '22일': 1, '현지': 1, '현지시간': 1, '시간': 1, '인도네시아': 1, '카바': 1, '카바링': 1, '스포츠': 1, '시티': 1, '세팍타크로': 1, '경기장': 1, '남자': 1, '시상식': 1, '도우미': 1, '의장대': 1, '메달': 1, '인형': 1}"
da_20180822220731336,"{'팔렘방': 2, '연합': 1, '연합뉴스': 1, '뉴스': 1, '기자': 1, '22일': 1, '현지': 1, '현지시간': 1, '시간': 1, '인도네시아': 1, '카바': 1, '카바링': 1, '스포츠': 1, '시티': 1, '세팍타크로': 1, '경기장': 1, '남자': 1, '시상식': 1, '도우미': 1, '메달': 1}"
da_20180822220725333,"{'팔렘방': 3, '연합': 1, '연합뉴스': 1, '뉴스': 1, '김주형': 1, '주형': 1, '기자': 1, '22일': 1, '오후': 1, '현지': 1, '현지시간': 1, '시간': 1, '인도네시아': 1, '스리': 1, '스리위자야': 1, '자야': 1, '경기장': 1, '자카르타': 1, '아시안': 1, '아시안게임': 1, '게임': 1, '여자': 1, '여자축구': 1, '축구': 1, '북한': 2, '중국': 1, '경기': 1, '공격': 1}"
da_20180822220723332,"{'팔렘방': 3, '연합': 1, '연합뉴스': 1, '뉴스': 1, '김주형': 1, '주형': 1, '기자': 1, '22일': 1, '오후': 1, '현지': 1, '현지시간': 1, '시간': 1, '인도네시아': 1, '스리': 1, '스리위자야': 1, '자야': 1, '경기장': 1, '자카르타': 1, '아시안': 1, '아시안게임': 1, '게임': 1, '여자': 1, '여자축구': 1, '축구': 1, '북한': 2, '중국': 1, '경기': 1, '김평화': 1, '평화': 1, '공격': 1}"
da_20180822220305290,"{'아베': 3, '신조': 2, '일본': 5, '총리': 2, '연합': 1, '연합뉴스': 1, '뉴스': 1, '서울': 1, '서울경제': 1, '경제': 1, '22일': 1, '도널드': 1, '트럼프': 2, '미국': 2, '대통령': 2, '전화': 2, '회담': 2, '언론': 1, '보도': 1, '이날': 1, '요미': 1, '우리': 1, '신문': 3, '북한': 1, '비핵화': 1, '협력': 1, '등에': 1, '의견': 1, '교환': 1, '미일': 1, '무역': 1, '문제': 1, '논의': 1, '가능성': 1, '폼페이': 1, '국무': 1, '국무장관': 1, '장관': 1, '8월말': 1, '월말': 1, '9월초': 1, '월초': 1, '방북': 1, '진행': 2, '진행상황': 1, '상황': 1, '설명': 2}"
da_20180822220230277,"{'아크': 1, '원자력': 2, '원자력청장': 1, '청장': 3, '22일': 1, '현지': 1, '현지시간': 1, '시간': 1, '국영': 1, '국영방송': 1, '방송': 1, '인터뷰': 1, '중부': 1, '중수로': 4, '재설': 2, '작업': 2, '미국': 4, '영국': 2, '참여': 1, '담당': 1, '대체': 1, '핵합의': 4, '합의': 4, '탈퇴': 1, '핵과학': 1, '과학': 1, '연구': 1, '발전': 1, '원자로': 3, '신설': 1, '이란': 3, '핵활동': 2, '활동': 2, '순조': 1, '진척': 1, '포괄적': 1, '포괄적공동행동계획': 1, '공동': 1, '행동': 1, '계획': 1, '국제적': 1, '구성': 1, '워킹': 1, '워킹그룹': 1, '그룹': 1, '현대화': 1, '기술': 3, '지원': 2, '애초': 1, '중수': 4, '핵무기': 1, '필요': 3, '인공': 1, '방사능': 1, '핵종인': 1, '종인': 1, '플루토늄': 2, '생산': 3, '설계': 1, '설계변경': 1, '변경': 1, '의료': 1, '산업': 1, '목적': 1, '방사성': 1, '동위원소': 1, '위원': 1, '연구용': 2, '전환': 1, '예정': 2, '기존': 1, '사용': 2, '만큼': 1, '외국': 1, '반출': 1, '감속재': 1, '냉각제': 1, '경수': 1, '대신': 1, '방식': 1, '우라늄': 2, '농축': 1, '천연': 1, '연료': 1, '양도': 1, '제재': 1, '복원': 1, '영향': 1, '우리': 1, '사업': 1, '국내': 1, '러시아': 2, '나라': 1, '협력': 1, '건설': 1, '중인': 1, '부셰르': 1, '경수로': 1, '2호기': 1, '호기': 1, '6년': 1, '가동': 1, '이후': 1, '2년': 1, '착공': 1, '사진': 1, '사진출처': 1, '출처': 1, '연합': 1, '연합뉴스': 1, '뉴스': 1}"
da_20180822220202272,"{'일본도': 1, '19호': 2, '태풍': 3, '솔릭': 3, '20호': 1, '시마': 2, '접근': 1, '비상': 1, '일본': 7, '기상청': 3, '태평양': 1, '북상': 1, '23일': 2, '오후': 2, '서남부': 3, '시코쿠': 2, '부근': 1, '상륙': 1, '전망': 2, '규슈': 2, '서쪽': 1, '해상': 1, '통과': 2, '한국': 1, '영향': 1, '지역': 4, '강수량': 2, '1천㎜': 1, '지난달': 1, '폭우': 1, '인명': 1, '재산': 1, '발생': 2, '중심': 1, '토사': 1, '붕괴': 1, '등에': 1, '경계': 1, '주의': 1, '당부': 1, '이날': 2, '서해': 1, '북부': 1, '비가': 1, '내일': 1, '오전': 1, '6시': 1, '24시간': 1, '시간': 1, '도카이': 1, '최고': 2, '300㎜': 1, '250㎜': 1, '예상': 1, '사진': 1, '사진출처': 1, '출처': 1, '연합': 1, '연합뉴스': 1, '뉴스': 1}"
da_20180822215839226,"{'팔렘방': 3, '연합': 1, '연합뉴스': 1, '뉴스': 1, '김주형': 1, '주형': 1, '기자': 1, '22일': 1, '오후': 1, '현지': 1, '현지시간': 1, '시간': 1, '인도네시아': 1, '스리': 1, '스리위자야': 1, '자야': 1, '경기장': 1, '자카르타': 1, '아시안': 1, '아시안게임': 1, '게임': 1, '여자': 1, '여자축구': 1, '축구': 1, '북한': 2, '중국': 1, '경기': 1, '응원단': 1, '관중석': 1, '조선': 1}"
da_20180822215834222,"{'팔렘방': 3, '연합': 1, '연합뉴스': 1, '뉴스': 1, '김주형': 1, '주형': 1, '기자': 1, '22일': 1, '오후': 1, '현지': 1, '현지시간': 1, '시간': 1, '인도네시아': 1, '스리': 1, '스리위자야': 1, '자야': 1, '경기장': 1, '자카르타': 1, '아시안': 1, '아시안게임': 1, '게임': 1, '여자': 1, '여자축구': 1, '축구': 1, '북한': 2, '중국': 1, '경기': 1, '승향심이': 1, '심이': 1, '공격': 1}"
da_20180822215656205,"{'21일': 1, '사우디': 2, '메카': 5, '그랜드': 1, '그랜드모스크': 1, '모스크': 1, '가객': 1, '카바': 1, '신전': 1, '의식': 1, '카이로': 1, '신화': 1, '뉴시스': 1, '시스': 1, '김재영': 1, '재영': 1, '기자': 1, '사우디아라비아': 1, '연례': 1, '순례': 2, '참가': 2, '이집트인': 2, '현지': 1, '급작': 1, '건강': 1, '악화': 1, '사망': 4, '사람': 1, '33명': 2, '22일': 1, '이집트': 2, '보건': 1, '보건부가': 1, '부가': 1, '발표': 1, '순례중': 1, '연령': 1, '연령대가': 1, '대가': 1, '50대': 1, '80대': 1, '혈액': 1, '순환': 1, '사인': 1, '하지': 3, '세계': 2, '240만': 1, '명의': 1, '무슬림': 3, '가운데': 2, '순례자': 1, '8만4000여': 1, '명이': 3, '지난해': 1, '7만': 1, '80여': 1, '이슬람': 1, '5개': 1, '기둥': 1, '하나': 1, '일생': 1, '최소한': 1, '번은': 1, '무슬림는': 1, '10억': 1}"
da_20180822215254150,"{'경향': 1, '경향신문': 1, '신문': 1, '명절날': 1, '눈물': 2, '기도': 2, '로힝': 17, '로힝야': 25, '난민': 10, '이슬람': 2, '최대': 1, '명절': 1, '이드': 1, '아드': 1, '희생': 1, '둘째': 1, '날인': 1, '22일': 1, '방글라데시': 4, '콕스': 2, '콕스바자르': 2, '바자': 2, '쿠투팔롱': 1, '난민캠프': 1, '캠프': 1, '하다': 3, '로이터': 1, '로이터연합뉴스': 1, '연합': 1, '뉴스': 1, '미얀마': 26, '미얀마군': 5, '무차별': 2, '인종': 3, '인종청소': 3, '청소': 3, '70만명': 3, '피해': 1, '정당방위': 2, '고수': 2, '송환': 8, '문제': 3, '해결': 3, '미적': 1, '군부': 7, '막강': 1, '수지': 9, '외면': 1, '국제': 5, '국제사회': 5, '사회': 5, '역할': 2, '사태': 4, '1년': 3, '제자리': 1, '싱가포르': 2, '방문': 1, '중인': 1, '아웅산': 1, '국가': 4, '국가자문': 3, '자문': 4, '외무': 1, '외무장관': 1, '장관': 1, '21일': 1, '남아시아': 1, '남아시아연구소': 1, '아시아': 1, '연구소': 1, '에서': 1, '30분간': 1, '분간': 1, '연설': 2, '언급': 2, '우리': 1, '연민': 1, '우려': 1, '공유': 1, '태국': 1, '지난해': 9, '8월': 1, '카인주': 1, '인주': 1, '원인': 2, '차별': 1, '반군': 1, '테러': 1, '테러라': 1, '옹호': 1, '25일': 1, '시작': 2, '역사': 1, '정치': 1, '해법': 1, '8월25일': 1, '소수': 2, '소수민족': 2, '민족': 3, '카인': 1, '경찰': 2, '초소': 1, '30여곳': 1, '동시': 1, '습격': 1, '반격': 1, '폭력': 2, '강간': 1, '자행': 1, '달간': 1, '9000명': 1, '지금': 1, '국경': 2, '너머': 1, '유엔': 5, '9월': 2, '규정': 1, '정부': 3, '제공': 1, '미얀마군의': 2, '군의': 3, '대응': 1, '입장': 3, '진상': 1, '진상규명': 1, '규명': 1, '협조적': 1, '12월': 2, '인권': 2, '인권특별보고관': 1, '특별': 1, '보고': 1, '시찰': 1, '협력': 1, '거부': 1, '2월': 1, '마을': 1, '최소': 1, '55곳': 1, '중장비': 1, '책임자': 1, '처벌': 1, '지지': 2, '4월': 2, '군사': 1, '군사법원': 1, '법원': 1, '10명': 1, '살해': 1, '암매장': 1, '군인': 1, '7명': 1, '살인': 1, '혐의': 1, '10년형': 1, '전부': 1, '지지부진': 2, '배경': 1, '민주': 3, '민주정부': 1, '대립': 1, '2016년': 2, '50년': 1, '통치': 1, '탄생': 1, '민주주의': 1, '주의': 1, '상징': 1, '헌법상': 1, '한계': 2, '권력': 1, '양분': 1, '의회': 1, '의석': 1, '4분': 1, '차지': 1, '내무': 1, '국방': 1, '안보': 1, '관련': 2, '부처': 1, '적대적': 1, '눈치': 1, '상황': 1, '구조적': 1, '극복': 1, '개헌': 3, '필수적': 1, '민족민주동맹': 1, '동맹': 1, '집권': 2, '헌법': 1, '개정': 1, '서명': 1, '서명운동': 1, '운동': 1, '전개': 1, '위원회': 2, '구성': 1, '활동': 1, '9개월': 1, '개월': 1, '만인': 1, '1월': 2, '작업': 1, '측근': 1, '암살': 1, '이후': 1, '논의': 1, '중단': 1, '상태': 1, '여기': 2, '식민': 1, '식민시대': 1, '시대': 1, '인구': 1, '주류': 2, '버마': 2, '버마족': 2, '악화': 1, '수용': 1, '부정적': 1, '여론': 1, '압도적': 1, '경우': 1, '국내': 1, '쿠데타': 1, '가능성': 1, '배제': 1, '안전': 2, '안전보장이사회': 1, '보장': 2, '이사회': 1, '규탄': 1, '성명': 1, '채택': 2, '실효': 1, '실효적인': 1, '적인': 1, '대책': 1, '구속력': 1, '안보리': 1, '결의안': 1, '중국': 2, '반대': 1, '무산': 1, '최상': 1, '최상위': 1, '국가전략': 1, '전략': 1, '일대일': 1, '해상': 1, '실크로드': 1, '파트너': 1, '탄압': 1, '미국': 1, '장성': 1, '주도자': 1, '지목': 1, '표적': 1, '제재': 2, '단행': 1, '17일': 1, '관계자': 1, '4명': 1, '경제': 1, '액션': 1, '효과': 1, '분석': 1, '지배적': 1, '압박': 2, '필요': 1, '필요하다': 1, '지적': 2, '강도': 1, '갈등': 2, '회의적': 1, '시선': 2, '한국': 1, '한국외대': 1, '외대': 1, '벵골만': 1, '벵골만연구센터': 1, '연구': 1, '센터': 1, '장준': 1, '장준영': 1, '교수': 2, '자기': 1, '정체성': 1, '억압': 1, '사이': 1, '요원': 1, '11월': 1, '합의': 1, '예정': 1, '시민권': 3, '조건': 1, '절차': 3, '입장차가': 1, '차가': 1, '일가족': 1, '5명': 1, '최초': 1, '발표': 1, '다음날': 1, '정식': 2, '무인': 1, '무인지대': 1, '지대': 1, '5월': 1, '60여명이': 1, '명이': 1, '6월': 1, '양해': 1, '양해각서': 1, '각서': 1, '체결': 1, '중요': 1, '내용': 1, '구체적': 1, '시기': 1, '로힝야들': 2, '국제인권단체': 1, '휴먼': 1, '휴먼라이츠워': 1, '라이츠': 1, '최근': 1, '당국': 1, '체포': 1, '고문': 1, '감옥': 1, '수감': 1, '폭로': 1, '60만명': 1, '재산권': 1, '이동': 1, '자유': 1, '박탈': 1, '환경': 1, '하루하루': 1, '지원': 1, '영양': 1, '위생': 1, '취약': 1, '인신매매': 1, '성폭력': 1, '각종': 1, '노출': 1, '불법': 1, '마약류': 1, '야바': 1, '운반': 1, '운반책': 1, '이용': 1, '유혈': 1, '유혈사태': 1, '당시': 1, '성폭행': 1, '임신': 1, '출산': 1, '여성': 1, '적의': 1, '아이': 1, '내야': 1, '의지': 1, '자체': 1, '의구심': 1, '코피': 1, '사무총장': 1, '권고': 1, '권고안': 1, '이행': 1, '자문위원회': 1, '위원': 1, '관계': 1, '아무것': 1, '사임': 1, '저서': 1, '하나': 1, '중심': 1, '사고': 1}"
da_20180822214920079,"{'루캉': 2, '중국': 5, '외교부': 2, '대변인': 3, '서울': 1, '뉴스': 1, '뉴스1': 1, '박승희': 1, '기자': 1, '비무장지대': 1, '남북': 3, '최전방': 1, '감시': 1, '감시초소': 1, '초소': 1, '시범': 1, '철수': 3, '추진': 4, '관련': 2, '판문점': 2, '선언': 2, '진전': 2, '생각': 3, '환영': 1, '22일': 1, '정례': 1, '브리핑': 1, '논평': 1, '요구': 1, '한반도': 4, '양측': 1, '정상': 1, '정상회담': 1, '회담': 1, '합의': 1, '이행': 1, '남북한': 2, '계속': 1, '화해': 1, '협력': 1, '서로': 1, '신뢰': 1, '강화': 1, '관계': 2, '개선': 2, '도움': 1, '긴장': 1, '완화': 1, '지속': 1, '유리': 1, '국제': 1, '국제사회': 1, '사회': 1, '관계국': 1, '지지': 2, '대화': 1, '추세': 1, '비핵화': 1, '문제': 1, '정치적': 1, '해결': 1, '과정': 1, '양호': 1, '분위기': 1, '조성': 1, '송영': 1, '국방부': 1, '장관': 1, '전날': 1, '10여개': 1, '방침': 1}"
da_20180822214909077,"{'율리': 2, '뢰크': 1, '독일': 6, '농업': 2, '장관': 2, '여름': 1, '가뭄': 3, '피해': 2, '농가': 2, '지원': 2, '3억4천만': 1, '천만': 1, '유로': 1, '한화': 1, '4천4백': 1, '억원': 1, '투입': 1, '농민': 1, '연맹': 1, '1881년': 1, '이후': 1, '기온': 1, '장기화': 1, '올해': 1, '작황': 1, '전년': 1, '대비': 1, '22퍼센트': 1, '퍼센트': 1, '감소': 1, '예측': 1, '지역': 1, '공급': 1, '불안': 1, '우려': 1, '밀가격': 1, '가격': 1, '5년내': 1, '최고': 1, '베를린': 2, '기자': 1, '기자회견': 1, '회견': 1, '2018년': 1, '8월': 1, '22일': 1}"
da_20180822214410991,"{'43명': 1, '목숨': 1, '이탈리아': 4, '제노바': 1, '교량': 5, '잔여': 1, '부분': 2, '철거': 1, '보강': 1, '전문가': 1, '경고': 1, '모란': 2, '모란디': 2, '사고': 2, '사고조사위원회': 1, '조사': 2, '위원회': 2, '안전': 2, '진단': 1, '결과': 2, '동쪽': 1, '추가': 1, '붕괴': 1, '위험': 1, '즉각적': 1, '대처': 1, '촉구': 1, '교통부': 1, '운영': 1, '운영사인': 1, '사인': 1, '아우': 2, '아우토스트라데': 2, '스트라': 2, '제기': 1, '다리': 1, '동편': 1, '아래': 1, '아파트': 1, '자리': 1, '피신': 1, '가운데': 1, '정부': 1, '전체': 1, '고속도로': 1, '절반': 1, '육박': 1, '구간': 1, '운영권': 2, '회수': 1, '절차': 1, '공식': 1, '착수': 1}"
da_20180822214351975,"{'팔렘방': 3, '연합': 1, '연합뉴스': 1, '뉴스': 1, '김주형': 1, '주형': 1, '기자': 1, '윤덕': 1, '여자': 2, '여자축구대표팀': 1, '축구': 2, '대표팀': 1, '감독': 1, '왼쪽': 1, '번째': 1, '22일': 1, '오후': 1, '현지': 1, '현지시간': 1, '시간': 1, '인도네시아': 1, '스리': 1, '스리위자야': 1, '자야': 1, '경기장': 1, '자카르타': 1, '아시안': 1, '아시안게임': 1, '게임': 1, '여자축구': 1, '북한': 1, '중국': 1, '경기': 1, '관전': 1, '코치': 1, '코치진과': 1, '진과': 1, '대화': 1}"
da_20180822214349974,"{'팔렘방': 3, '연합': 1, '연합뉴스': 1, '뉴스': 1, '김주형': 1, '주형': 1, '기자': 1, '윤덕': 1, '여자': 2, '여자축구대표팀': 1, '축구': 2, '대표팀': 1, '감독': 1, '오른쪽': 1, '22일': 1, '오후': 1, '현지': 1, '현지시간': 1, '시간': 1, '인도네시아': 1, '스리': 1, '스리위자야': 1, '자야': 1, '경기장': 1, '자카르타': 1, '아시안': 1, '아시안게임': 1, '게임': 1, '여자축구': 1, '북한': 1, '중국': 1, '경기': 1, '관전': 1, '코치': 1, '코치진과': 1, '진과': 1, '대화': 1}"
da_20180822214021927,"{'권순우': 3, '왼쪽': 1, '스포티즌': 1, '제공': 1, '연합': 2, '연합뉴스': 2, '뉴스': 2, '팔레방': 1, '김동찬': 1, '기자': 1, '230위': 1, '현대': 1, '현대자동차': 1, '자동차': 1, '후원': 1, '273위': 1, '당진': 1, '당진시청': 1, '시청': 3, '자카르타': 1, '팔렘방': 2, '아시안': 2, '아시안게임': 2, '게임': 2, '테니스': 3, '남자': 4, '남자단식': 3, '단식': 4, '8강': 4, '22일': 1, '인도네시아': 1, '카바': 1, '카바링': 1, '스포츠': 1, '스포츠시티': 1, '시티': 1, '테니스센터': 1, '센터': 1, '대회': 3, '3회전': 1, '데니스': 1, '예브': 1, '예프': 1, '313위': 1, '카자흐스탄': 1, '233위': 1, '대만': 2, '역전승': 1, '합류': 1, '한국': 1, '1986년': 1, '서울': 1, '유진': 1, '유진선': 1, '1998년': 1, '방콕': 1, '이후': 1, '통산': 1, '번째': 1, '정상': 1, '도전': 1, '청각': 1, '장애': 1, '3급': 1, '제이슨': 1, '114위': 1, '권순': 1, '프라지': 1, '라지': 1, '군네스': 1, '네스': 1, '161위': 1, '인도': 1, '4강': 1, '진출': 2, '여자': 2, '여자단식': 1, '출전': 1, '나래': 2, '240위': 1, '인천': 1, '인천시청': 1, '장솨': 1, '34위': 1, '중국': 1, '탈락': 1, '김나리': 1, '나리': 1, '수원': 1, '수원시청': 1, '복식': 1, '가토': 1, '미유': 1, '노미': 1, '마코토': 1, '일본': 1, '준결승': 1}"
da_20180822213902905,"{'앵커': 1, '11월': 1, '미국': 3, '중간': 2, '중간선거': 2, '선거': 3, '과거': 1, '도널드': 2, '트럼프': 12, '대통령': 9, '측근': 2, '2명': 1, '유죄': 6, '결정': 1, '거리': 2, '최대': 1, '정치': 1, '쟁점': 1, '부상': 1, '후폭풍': 2, '폭풍': 2, '박신윤': 2, '기자': 2, '보도': 1, '개인': 1, '변호사': 1, '마이클': 2, '코언': 2, '성추문': 1, '여성': 1, '지급': 1, '사실': 1, '인정': 4, '선거자금': 1, '자금': 1, '금융사기': 1, '탈세': 1, '혐의': 4, '입막음': 1, '지시': 1, '폭로': 1, '10년': 1, '이상': 1, '감형': 1, '플리바게': 1, '로버트': 2, '뉴욕': 1, '남부': 1, '남부지방법원': 1, '지방': 1, '법원': 1, '오늘': 1, '당신': 1, '대로': 1, '여덟': 1, '건의': 1, '중죄': 1, '맹세': 1, '대선': 1, '대선캠프': 1, '캠프': 2, '러시아': 1, '유착': 1, '의혹': 1, '수사': 2, '1심': 1, '재판': 2, '뮬러': 1, '특검': 2, '트럼프캠프': 1, '선대': 1, '선대본부장': 1, '본부장': 1, '매너': 5, '매너포트': 5, '포트': 5, '평결': 1, '적용': 1, '18개': 1, '가운데': 1, '세금': 1, '금융': 1, '사기': 1, '국외': 1, '계좌': 1, '미신고': 1, '신고': 1, '8건': 1, '케빈': 1, '다우': 1, '다우닝': 1, '변호인': 1, '무죄': 1, '판결': 3, '실망': 1, '현재': 1, '선택지': 1, '검토': 1, '지원': 1, '지원유세': 1, '유세': 1, '일정': 1, '결과': 1, '유감': 1, '정치적': 2, '우려': 1, '모습': 1, '그동안': 1, '전직': 1, '인물': 1, '이번': 2, '생각': 1, '언론': 1, '궁지': 1, '가능성': 1, '탄력': 1, '승리': 1, '변수': 1, '작용': 1, '관측': 1}"
da_20180822213837899,"{'경향': 1, '경향신문': 1, '신문': 1, 'ㆍ대선공모': 1, '대선': 3, '공모': 5, '변호사': 3, '코언': 8, '성추문': 3, '입막음': 4, '지불': 2, '시인': 2, '시인ㆍ선대본부장': 1, '선대': 1, '본부장': 2, '매너': 5, '매너포트': 5, '포트': 5, '개인': 3, '개인비리': 1, '비리': 2, '8개': 1, '혐의': 6, '위법': 2, '평결': 3, '평결ㆍ트럼프': 1, '트럼프': 18, '로버트': 1, '뮬러': 2, '러시아': 7, '게이트': 1, '특검': 7, '도널드': 1, '미국': 1, '대통령': 16, '궁지': 1, '유착': 1, '의혹': 1, '관련': 2, '기소': 4, '측근': 1, '21일': 1, '현지': 1, '현지시간': 1, '시간': 1, '유죄': 10, '결정': 1, '당장': 1, '특검팀': 1, '탄력': 1, '전망': 1, '10년': 1, '이상': 1, '활동': 1, '마이클': 1, '왼쪽': 1, '사진': 1, '인정': 7, '감형': 3, '플리바게닝': 1, '게닝': 1, '선택': 1, '최대': 1, '65년형': 1, '63월로': 1, '월로': 1, '거래': 1, '이날': 2, '뉴욕': 2, '뉴욕연방법원': 1, '연방': 2, '법원': 3, '공판': 2, '명의': 1, '여성': 1, '불하': 1, '지시': 2, '자신': 1, '선거': 4, '선거자금': 1, '자금': 1, '위반': 2, '금융사기': 2, '탈세': 1, '전달': 1, '이름': 1, '거론': 1, '연방정부': 1, '정부': 1, '후보자': 1, '조정': 1, '영향': 1, '목적': 1, '참여': 1, '폭로': 1, '래니': 1, '데이': 1, '성명': 1, '트럼프타워': 1, '타워': 1, '건립': 1, '무산': 1, '과정': 1, '캠프': 2, '여부': 1, '열쇠': 1, '인물': 2, '뉴욕타임스': 1, '타임스': 1, '결국': 1, '검찰': 1, '협조': 1, '하면서': 1, '골칫거리': 1, '분석': 1, '선거대책본부장': 1, '대책': 1, '오른쪽': 1, '버지니아': 1, '버지니아법원': 1, '1심': 1, '18개': 1, '세금': 1, '세금사기': 1, '사기': 2, '5건': 1, '2건': 1, '국외': 1, '계좌': 2, '미신고': 1, '신고': 1, '1건': 1, '8건': 1, '해외': 1, '수백만': 1, '수백만달러': 1, '달러': 1, '사기대출': 1, '대출': 1, '번째': 2, '선거개입': 1, '사법': 1, '사법방해': 1, '방해': 1, '대상': 1, '판결': 2, '수사': 2, '성공적': 1, '평가': 1, '민주당': 2, '정당성': 1, '확인': 1, '공세': 1, '하원': 1, '정보': 1, '정보위': 1, '간사인': 1, '애덤': 1, '시프': 1, '의원': 1, '트위터': 1, '선거법': 1, '함의': 1, '잠재적': 1, '범죄': 1, '직접적': 1, '증언': 1, '지적': 1, '11월': 1, '중간': 1, '중간선거': 1, '위기': 1, '거리': 1, '방어': 1, '사람': 1, '발생': 1, '상관': 1, '무관': 1, '마녀': 1, '마녀사냥일': 1, '사냥': 1, '취재진': 1, '질문': 1}"
da_20180822213837898,"{'경향': 1, '경향신문': 1, '신문': 1, 'ㆍ엘살바도르': 1, '엘살바도르': 9, '동부': 2, '항구': 6, '군사': 5, '군사기지': 5, '기지': 6, '이용': 1, '가능성': 1, '우려': 2, '중미': 1, '국가': 2, '대만': 4, '외교': 1, '외교관계': 1, '관계': 4, '중국': 9, '수교': 3, '미국': 4, '긴장': 1, '교두보': 1, '태평양': 1, '제해권': 1, '강화': 1, '중남미': 1, '본격': 1, '진출': 1, '때문': 1, '메인': 3, '메인스': 3, '주재': 1, '미국대사': 1, '대사': 3, '21일': 1, '현지': 1, '현지시간': 1, '시간': 1, '트위터': 1, '결정': 2, '분석': 1, '의심': 1, '여지': 1, '정부': 2, '우리': 1, '영향': 1, '지난달': 1, '경고': 1, '2008년': 1, '완공': 1, '투자': 2, '상태': 1, '단교': 1, '데는': 1, '개발': 2, '중대': 1, '요인': 1, '작용': 1, '외교부': 2, '최근': 1, '거액': 1, '자금': 1, '요구': 1, '협조': 1, '요청': 1, '거절': 1, '반면': 1, '국영': 1, '국영기업': 1, '기업': 1, '중신': 1, '중신그룹': 1, '그룹': 1, '공항': 1, '철도': 1, '등에': 1, '적극': 1, '의사': 1, '강군': 1, '강군몽': 1, '시진': 1, '해외': 2, '구축': 1, '적극적': 1, '지난해': 1, '동아프리카': 1, '지부티': 1, '건설': 2, '올해': 1, '파키스탄': 1, '서부': 1, '남단': 1, '반도': 1, '공군': 1, '양국': 1, '합의': 1, '루캉': 1, '대변인': 1, '22일': 1, '정례': 1, '정례브리핑': 1, '브리핑': 1, '발언': 1, '관련': 1, '주권': 1, '주권국가': 1, '자국': 1, '대외': 1, '하나': 1, '원칙': 1, '상하이': 1, '코뮈': 1, '규정': 1, '정확': 1, '불만': 1}"
da_20180822213759893,"{'도쿄': 2, '연합': 3, '연합뉴스': 3, '뉴스': 3, '최이락': 1, '이락': 1, '특파원': 1, '일본도': 1, '19호': 2, '태풍': 4, '솔릭': 3, '20호': 2, '시마': 6, '접근': 2, '비상': 1, '22일': 2, '일본': 8, '기상청': 4, '태평양': 2, '북상': 1, '23일': 3, '오후': 3, '서남부': 3, '시코쿠': 2, '부근': 3, '상륙': 1, '전망': 2, '규슈': 2, '서쪽': 3, '해상': 1, '통과': 2, '한국': 1, '영향': 1, '지역': 4, '강수량': 2, '1천㎜': 1, '지난달': 1, '폭우': 1, '인명': 1, '재산': 1, '발생': 2, '중심': 5, '토사': 1, '붕괴': 1, '등에': 1, '경계': 1, '주의': 1, '당부': 1, '홈페이지': 1, '캡처': 1, '이날': 3, '서해': 1, '북부': 1, '비가': 1, '오전': 1, '6시': 1, '24시간': 1, '시간': 1, '도카이': 1, '최고': 2, '300㎜': 1, '250㎜': 1, '예상': 1, '6기': 1, '기준': 1, '남쪽': 1, '상의': 1, '410㎞': 1, '시속': 1, '30㎞': 1, '속도': 1, '북서': 1, '기압': 1, '헥토파스칼': 1, '최대': 2, '최대풍속': 1, '풍속': 3, '초속': 1, '순간': 1, '순간풍속': 1, '동쪽': 1, '170㎞': 1, '110㎞': 1, '이내': 1, '이상': 1, '폭풍': 1, '불고': 1, '간사이': 1, '주부': 1, '다카마쓰': 1, '마쓰': 1, '공항': 1, '운항': 2, '예정': 1, '항공편': 1, '중단': 1, '우산': 1, '도민': 1, '자료': 1, '자료사진': 1, '사진': 1}"
da_20180822213706870,"{'자카르타': 3, '연합': 1, '연합뉴스': 1, '뉴스': 1, '박동': 1, '기자': 1, '22일': 1, '오후': 1, '현지': 1, '현지시간': 1, '시간': 1, '인도네시아': 1, '카르노': 1, '수영장': 1, '팔렘방': 1, '아시안': 1, '아시안게임': 1, '게임': 1, '경영': 1, '여자': 1, '접영': 1, '결승': 1, '세현': 1, '왼쪽': 1, '번째': 1, '입수': 1}"
da_20180822213443824,"{'자카르타': 3, '인도네시아': 2, '뉴시스': 1, '시스': 1, '추상': 1, '기자': 1, '22일': 1, '현지': 1, '현지시각': 1, '시각': 1, '오후': 1, '카르노': 1, '아쿠아': 1, '아쿠아틱': 1, '센터': 1, '팔렘방': 1, '아시안': 1, '아시안게임': 1, '게임': 1, '수영': 1, '남자': 1, '평영': 1, '결승전': 1, '경기': 1, '대한': 1, '대한민국': 1, '민국': 1, '문재': 1}"
da_20180822213438823,"{'자카르타': 3, '인도네시아': 2, '뉴시스': 1, '시스': 1, '추상': 1, '기자': 1, '22일': 1, '현지': 1, '현지시각': 1, '시각': 1, '오후': 1, '카르노': 1, '아쿠아': 1, '아쿠아틱': 1, '센터': 1, '팔렘방': 1, '아시안': 1, '아시안게임': 1, '게임': 1, '수영': 1, '여자': 1, '접영': 1, '결승전': 1, '경기': 1, '대한': 1, '대한민국': 1, '민국': 1, '세현': 1}"
da_20180822213434822,"{'자카르타': 3, '인도네시아': 2, '뉴시스': 1, '시스': 1, '추상': 1, '기자': 1, '22일': 1, '현지': 1, '현지시각': 1, '시각': 1, '오후': 1, '카르노': 1, '아쿠아': 1, '아쿠아틱': 1, '센터': 1, '팔렘방': 1, '아시안': 1, '아시안게임': 1, '게임': 1, '수영': 1, '남자': 1, '평영': 1, '결승전': 1, '경기': 1, '대한': 1, '대한민국': 1, '민국': 1, '문재': 1, '다이빙': 1}"
da_20180822213430817,"{'자카르타': 3, '인도네시아': 2, '뉴시스': 1, '시스': 1, '추상': 1, '기자': 1, '22일': 1, '현지': 1, '현지시각': 1, '시각': 1, '오후': 1, '카르노': 1, '아쿠아': 1, '아쿠아틱': 1, '센터': 1, '팔렘방': 1, '아시안': 1, '아시안게임': 1, '게임': 1, '수영': 1, '남자': 1, '접영': 1, '결승전': 1, '경기': 1, '대한': 1, '대한민국': 1, '민국': 1, '장규철': 1}"
da_20180822213310801,"{'중부': 2, '중수': 5, '핵시설': 1, '시설': 1, '연합': 2, '연합뉴스자료사진': 1, '뉴스': 2, '자료': 1, '사진': 1, '테헤란': 1, '연합뉴스': 1, '강훈상': 1, '훈상': 1, '특파원': 1, '아크': 1, '원자력': 2, '원자력청장': 1, '청장': 3, '22일': 1, '현지': 1, '현지시간': 1, '시간': 1, '국영': 1, '국영방송': 1, '방송': 1, '인터뷰': 1, '중수로': 4, '재설': 2, '작업': 2, '미국': 4, '영국': 2, '참여': 1, '담당': 1, '대체': 1, '핵합의': 4, '합의': 4, '탈퇴': 1, '핵과학': 1, '과학': 1, '연구': 1, '발전': 1, '원자로': 3, '신설': 1, '이란': 3, '핵활동': 2, '활동': 2, '순조': 1, '진척': 1, '포괄적': 1, '포괄적공동행동계획': 1, '공동': 1, '행동': 1, '계획': 1, '국제적': 1, '구성': 1, '워킹': 1, '워킹그룹': 1, '그룹': 1, '현대화': 1, '기술': 3, '지원': 2, '애초': 1, '핵무기': 1, '필요': 3, '인공': 1, '방사능': 1, '핵종인': 1, '종인': 1, '플루토늄': 2, '생산': 3, '설계': 1, '설계변경': 1, '변경': 1, '의료': 1, '산업': 1, '목적': 1, '방사성': 1, '동위원소': 1, '위원': 1, '연구용': 2, '전환': 1, '예정': 2, '기존': 1, '사용': 2, '만큼': 1, '외국': 1, '반출': 1, '감속재': 1, '냉각제': 1, '경수': 1, '대신': 1, '방식': 1, '우라늄': 2, '농축': 1, '천연': 1, '연료': 1, '양도': 1, '제재': 1, '복원': 1, '영향': 1, '우리': 1, '사업': 1, '국내': 1, '러시아': 2, '나라': 1, '협력': 1, '건설': 1, '중인': 1, '부셰르': 1, '경수로': 1, '2호기': 1, '호기': 1, '6년': 1, '가동': 1, '이후': 1, '2년': 1, '착공': 1}"
da_20180822213148778,"{'자카르타': 3, '연합': 1, '연합뉴스': 1, '뉴스': 1, '박동': 1, '기자': 1, '22일': 1, '오후': 1, '현지': 1, '현지시간': 1, '시간': 1, '인도네시아': 1, '카르노': 1, '수영장': 1, '팔렘방': 1, '아시안': 1, '아시안게임': 1, '게임': 1, '경영': 1, '여자': 1, '접영': 1, '결승': 1, '세현': 1}"
da_20180822213136773,"{'자카르타': 3, '연합': 1, '연합뉴스': 1, '뉴스': 1, '박동': 1, '기자': 1, '22일': 1, '오후': 1, '현지': 1, '현지시간': 1, '시간': 1, '인도네시아': 1, '카르노': 1, '수영장': 1, '팔렘방': 1, '아시안': 1, '아시안게임': 1, '게임': 1, '경영': 1, '여자': 1, '접영': 1, '결승': 1, '4위': 1, '세현': 1, '경기장': 1}"
da_20180822213032759,"{'앵커': 1, '북극': 8, '최후': 4, '빙하': 4, '지구': 2, '온난화': 1, '마지막': 1, '세계': 1, '기상': 1, '기상학계': 1, '학계': 1, '기후': 1, '기후변화': 1, '변화': 1, '극적': 1, '현장': 1, '걱정': 1, '김준영': 1, '준영': 1, '기자': 2, '인공위성': 1, '사진': 1, '그린란드': 1, '북부': 1, '해안': 1, '포함': 1, '일부': 2, '지역': 2, '1970년': 1, '관측': 2, '이래': 1, '얼음': 5, '붕괴': 2, '별칭': 1, '주변': 1, '거대': 1, '얼음덩이': 1, '덩이': 1, '유빙': 1, '해류': 1, '저장고': 1, '때문': 1, '평균': 3, '결국': 1, '올해': 3, '영국': 1, '디언': 1, '폭염': 1, '이달': 1, '강풍': 1, '보도': 1, '올해초': 1, '현상': 2, '본격화': 1, '기상학자': 1, '이례적': 1, '표현': 1, '최근': 2, '지구의': 1, '온도': 1, '상승': 1, '상징': 1, '평가': 1, '독일': 1, '연구진': 2, '20일': 1, '4배': 1, '속도': 1, '결과': 1, '발표': 1, '노르웨이': 1, '1981년': 1, '2030년': 1, '여름': 1, '전망': 1, '영상': 1, '영상디자인': 1, '디자인': 1, '김석훈': 1, '석훈': 1, '박성현': 1, '성현': 1}"
da_20180822212852722,"{'앵커': 1, '시간': 1, '미국': 5, '워싱턴': 1, '82일': 1, '중국': 5, '차관급': 1, '무역': 3, '무역협상': 1, '협상': 3, '시작': 2, '상대국': 1, '제품': 2, '160억': 1, '달러': 2, '어치': 1, '관세': 1, '부과': 1, '하루': 1, '무역전쟁': 2, '전쟁': 4, '출구': 1, '환율': 2, '환율전쟁': 1, '우려': 1, '신경진': 1, '특파원': 1, '기자': 1, '패스': 1, '재무부': 1, '차관': 1, '우원': 1, '상무부': 1, '부부': 1, '테이블': 1, '베이징': 1, '관가': 1, '낙관론': 1, '자취': 1, '상태': 1, '최고': 1, '베이': 1, '베이다이': 1, '다이': 1, '회의': 2, '항복': 1, '대신': 1, '항미결전': 1, '결전': 1, '결의': 1, '소식': 1, '때문': 1, '인민일보': 1, '소셜미디어': 1, '미디어': 1, '최근': 1, '평화': 1, '평화담판': 1, '담판': 1, '실패': 1, '사기': 1, '69년전': 1, '마오쩌둥': 1, '전의': 1, '백기투항': 1, '투항': 1, '근거': 1, '트럼프': 1, '대통령': 1, '20일': 1, '로이터': 1, '로이터통신': 1, '통신': 1, '인터뷰': 1, '위안화': 2, '조작': 1, '1985년': 1, '플라자': 1, '합의': 1, '엔화': 1, '강세': 1, '유도': 1, '이번': 1, '절상': 1, '타깃': 1, '해석': 1, '2000억': 1, '중국산': 1, '추가': 1, '압박': 1, '카드': 1, '순조': 1, '진행': 1, '정상': 2, '11월': 1, '다자간': 1, '정상회의': 1, '마무리': 1, '방법': 1, '월스트리': 1, '트리': 1, '저널': 1, '영상': 1, '영상디자인': 1, '디자인': 1, '창환': 1}"
da_20180822212723708,"{'서울': 1, '뉴시스': 1, '시스': 1, '김재영': 1, '재영': 1, '기자': 1, '국제': 2, '22일': 1, '미국': 5, '원유': 2, '비축': 1, '재고량': 1, '감소': 2, '보도': 1, '석유': 4, '석유수출': 1, '수출': 2, '제재': 2, '우려': 1, '2주일': 1, '주일': 1, '배럴': 4, '74달러': 1, '달러': 2, '석유연구원': 1, '연구원': 1, '비축량': 1, '지난주': 1, '시점': 1, '520만': 1, '전날': 2, '발표': 1, '전문가': 2, '예상치': 1, '기준': 1, '유가': 2, '북해': 1, '브렌': 1, '원유가': 1, '런던': 1, '시장': 2, '이날': 1, '정오': 1, '종가': 1, '74.15달러': 1, '서부': 1, '중질유': 1, '번째': 1, '산유국': 1, '이란': 1, '11월': 1, '재개': 1, '예상': 1, '영향': 1, '이로': 1, '공급': 1}"
da_20180822212637685,"{'패스': 2, '자카르타': 5, '연합': 2, '연합뉴스': 2, '뉴스': 2, '서명': 1, '기자': 2, '22일': 3, '오후': 1, '현지': 1, '현지시간': 1, '시간': 1, '인도네시아': 2, '포키': 3, '찌부': 3, '스타디움': 3, '팔렘방': 2, '아시안': 3, '아시안게임': 3, '게임': 3, '남자': 4, '핸드볼': 4, '예선': 1, '한국': 6, '바레인': 4, '경기': 3, '정수영': 1, '서울': 1, '김동찬': 1, '남자핸드볼': 3, '대표팀': 1, '결승': 2, '진출': 2, '과정': 1, '메인': 2, '라운드': 2, '2조': 2, '1승': 1, '1패가': 1, '패가': 1, '24일': 1, '이란': 1, '4강': 2, '1조': 1, '유력': 1, '아시아': 1, '최강': 1, '카타르': 3, '가능성': 1, '2014년': 2, '인천': 1, '금메달': 1, '2015년': 1, '세계': 1, '세계선수권': 1, '선수권': 1, '준우승': 1, '우리': 1, '우리나라': 1, '나라': 1, '이후': 1, '상대': 2, '4전': 1, '전패': 1, '이날': 1, '윤시열': 1, '다이': 1, '스틸': 1, '혼자': 1, '7골': 1, '분전': 1, '후반': 1, '막판': 1, '5골': 1, '전적': 1, '1승1패': 1, '2승': 1}"
da_20180822212603670,"{'팔렘방': 3, '연합': 1, '연합뉴스': 1, '뉴스': 1, '김주형': 1, '주형': 1, '기자': 1, '22일': 1, '오후': 1, '현지': 1, '현지시간': 1, '시간': 1, '인도네시아': 1, '스리': 1, '스리위자야': 1, '자야': 1, '경기장': 1, '자카르타': 1, '아시안': 1, '아시안게임': 1, '게임': 1, '여자': 1, '여자축구': 1, '축구': 1, '북한': 2, '중국': 1, '경기': 1, '감독': 1, '작전': 1, '작전지시': 1, '지시': 1}"
da_20180822212600668,"{'팔렘방': 3, '연합': 1, '연합뉴스': 1, '뉴스': 1, '김주형': 1, '주형': 1, '기자': 1, '22일': 1, '오후': 1, '현지': 1, '현지시간': 1, '시간': 1, '인도네시아': 1, '스리': 1, '스리위자야': 1, '자야': 1, '경기장': 1, '자카르타': 1, '아시안': 1, '아시안게임': 1, '게임': 1, '여자': 1, '여자축구': 1, '축구': 1, '북한': 2, '중국': 1, '경기': 1, '초반': 1, '1점': 1, '감독': 1, '작전': 1, '작전지시': 1, '지시': 1}"
da_20180822212156584,"{'팔렘방': 3, '연합': 1, '연합뉴스': 1, '뉴스': 1, '김주형': 1, '주형': 1, '기자': 1, '22일': 1, '오후': 1, '현지': 1, '현지시간': 1, '시간': 1, '인도네시아': 1, '스리': 1, '스리위자야': 1, '자야': 1, '경기장': 1, '자카르타': 1, '아시안': 1, '아시안게임': 1, '게임': 1, '여자': 1, '여자축구': 1, '축구': 1, '북한': 2, '중국': 1, '경기': 1, '김윤미가': 1, '미가': 1, '수비': 1}"
